key,ja,en
required,必須,Required
optional,任意,Optional
cancel,キャンセル,Cancel
submit,送信,Send
delete,削除,Delete
edit,編集,Edit
save,保存,Save
back,戻る,Back
next,次へ,Next
search,検索,Search
close,閉じる,Close
within,以内,within
menu,メニュー,Menu
search_threads,ルームを検索...,"Search rooms..."
notifications,通知,Notifications
profile,マイページ,Profile
create_thread,ルーム作成,"Create Room"
login_register,ログイン/新規登録,"Login or Sign up"
thread_title,タイトル,Title
thread_title_newline_hint,（改行は半角スペース）,"Line breaks will be converted to spaces"
thread_body,本文,Body
thread_author,作成者名,Author
thread_tag,タグ,Tag
thread_image,画像,Image
create_thread_title,新しいルーム作成,"Create New Room"
thread_created,ルームを作成しました,"Room created"
thread_deleted,ルームを削除しました,"Room deleted"
image_help,未選択の場合はサンプル画像が使用されます。,"If not selected, a sample image will be used."
image_aspect_ratio,16:9でトリミング,"Cropped to 16:9"
thread_body_coin_per_100,100文字ごとに1コイン消費,"1 coin per 100 characters"
thread_coin_room,ルーム,Room
thread_coin_first_reply,1リプライ目,"First reply"
thread_create_first_reply_label,1リプライ目（任意）,"First reply (optional)"
response_coin_reply,リプライ,Reply
response_coin_media,メディア,Media
thread_coin_body,本文,Body
thread_coin_total,合計,Total
response_body,リプライ内容,"Reply Content"
post_response,リプライを投稿,"Post Reply"
response_posted,リプライを投稿しました,"Reply posted"
response_deleted,リプライを削除しました,"Reply deleted"
profile_edit,プロフィール編集,"Edit Profile"
username,ユーザー名,Username
email,メールアドレス,Email
phone,電話番号,"Phone number"
residence,居住国,Location
nationality,国籍,Nationality
bio,自己紹介,Bio
profile_image,プロフィール画像,"Profile Image"
language_setting,言語設定,"Language settings"
language,言語,Language
profile_updated,プロフィールを更新しました。,"Profile updated."
back_to_profile,"← マイページに戻る","← Back to Profile"
cannot_change_nationality,国籍は変更できません,"Nationality cannot be changed"
basic_info,基本情報,"Basic Information"
user_identifier,ユーザーID,"User ID"
cannot_change_username,ユーザー名は変更できません,"Username cannot be changed"
cannot_change_user_identifier,ユーザーIDは変更できません,"User ID cannot be changed"
current_image,現在の画像,"Current Image"
preview,プレビュー,Preview
select_default_image,デフォルト画像から選択,"Select from Default Images"
select_default_image_help,下記の画像からプロフィール画像を選択してください,"Please select a profile image from the images below"
avatar_category_none,なし,None
avatar_category_man,男性,Male
avatar_category_woman,女性,Female
avatar_category_animal,動物,Animal
bio_placeholder,自己紹介を入力してください（1000文字以内）,"Enter your bio (max 1000 characters)"
characters,文字," characters"
language_help,表示する言語を選択してください,"Please select the display language"
unchangeable_items,変更不可項目,"Unchangeable Items"
login,ログイン,Login
register,新規登録,Register
logout,ログアウト,Logout
password,パスワード,Password
password_confirmation,パスワード（確認）,"Password Confirmation"
birthdate,生年月日,"Date of birth"
select_country,選択してください,"Please select"
login_success,ログインしました,"Logged in"
logout_success,ログアウトしました。,"Logged out."
register_success,新規登録が完了しました！,"Registration completed!"
notifications_title,お知らせ,Notifications
mark_as_read,既読にする,"Mark as Read"
reply,返信,Reply
no_notifications,通知はありません,"No notifications"
report,"🚩 通報","🚩 Report"
report_reason,通報理由,"Report Reason"
report_description,詳細,Details
report_success,通報を受け付けました,"Report submitted"
success,成功,Success
error,エラー,Error
confirm,確認,Confirm
loading,読み込み中...,Loading...
popular_threads,アクセス数の多いルーム,"Most Accessed Rooms"
trending_threads,今月注目のルーム,"Trending This Month"
latest_threads,最新のルーム,"Latest Rooms"
most_commented_threads,リプライの多いルーム,"Most Commented Rooms"
show_more,さらに表示,"Show More"
back_to_index,"← トップページに戻る","← Back to Top"
threads_count,件のルーム," rooms"
no_threads_yet,まだ{category}はありません,"No {category} yet"
no_threads_yet_category,まだ{category}はありません。,"No {category} yet."
my_page,マイページ,"My Page"
profile_image_alt,プロフィール画像,"Profile Image"
bio_section,自己紹介,Bio
email_label,メールアドレス:,Email:
phone_label,電話番号:,Phone:
nationality_label,国籍:,Nationality:
residence_label,居住国:,Location:
residence_history_title,居住地変更履歴を表示,"View Location History"
registration_date,登録日:,"Registration Date:"
last_login,最終ログイン:,"Last Login:"
my_threads,作成したルーム,"My Rooms"
no_threads_created,まだルームを作成していません,"No rooms created yet"
response_count,リプライ数:,Replies:
logout_confirm,ログアウトしますか？,"Do you want to log out?"
sort_order,表示順:,"Sort Order:"
sort_latest,新しい順,Latest
sort_popular,閲覧数順,"By Views"
view_count_period,閲覧数の計算期間:,"View Count Period:"
period_30,1ヶ月(30日),"1 Month (30 days)"
period_365,1年(365日),"1 Year (365 days)"
period_all,全期間,"All Time"
filter_threads,表示するルーム:,"Show Rooms:"
filter_all,すべて,All
filter_incomplete,未完結,Incomplete
filter_completed,完結済み,Completed
apply_filters,反映する,Apply
author,作成者,Author
tag_label,タグ,Tag
created_at_label,作成日時,Created
anonymous,匿名,Anonymous
unknown,不明,Unknown
deleted_user,削除されたユーザー,"Deleted user"
deleted_response_placeholder,（削除されたレスポンス）,"(Deleted response)"
deleted_label,（削除済み）,(Deleted)
favorite_threads,お気に入りのルーム,"Favorite Rooms"
no_favorite_threads,お気に入りのルームはまだありません,"No favorite rooms yet"
recent_access_threads,最近アクセスしたルーム,"Recently Accessed Rooms"
clear_tag_filter,タグフィルターをクリア,"Clear Tag Filter"
clear_search,検索ワードをクリア,"Clear Search"
tag_threads_title,"{tag}のルーム - Chatgo","{tag} Rooms - Chatgo"
tag_threads_info,{tag}のルーム,"{tag} Rooms"
tag_threads_with_search," + 「{query}」で検索"," + Search for ""{query}"""
tag_threads_list,{tag}のルーム一覧,"{tag} Room List"
tag_no_threads,{tag}のルームはまだありません。,"No rooms for {tag} yet."
restricted_thread_title,このルームは機能が制限されています,"This room has restricted functionality"
search_results,検索結果,"Search Results"
search_results_title,"検索結果 - Chatgo","Search Results - Chatgo"
search_results_for,「{query}」の検索結果,"Search results for ""{query}"""
search_results_count,件," results"
clear_search_link,検索をクリア,"Clear Search"
search_min_length_error,検索には2文字以上のキーワードを入力してください。,"Please enter at least 2 characters for search."
search_hint_title,検索のヒント：,"Search Tips:"
search_hint_and,空白で区切るとAND検索（複数のキーワードを含む）,"Separate with spaces for AND search (contains multiple keywords)"
search_hint_exclude,「-」で始まるキーワードは除外検索,"Keywords starting with ""-"" are exclusion searches"
search_hint_example,"例：「word1 word2 -word3」→ word1とword2を含み、word3を除外","Example: ""word1 word2 -word3"" → contains word1 and word2, excludes word3"
no_search_results,検索結果が見つかりませんでした,"No search results found"
suggestion_title,サイト改善のご要望,"Site Improvement Suggestions"
suggestion_description,お気づきの点や機能のご提案があれば、自由にお書きください。,"Please feel free to share any suggestions or feature requests you have."
suggestion_placeholder,例）検索結果で並び替えができると嬉しいです,"e.g., It would be great if search results could be sorted"
suggestion_submit,送信する,Submit
suggestion_success,ご意見ありがとうございます。内容を受け付けました。,"Thank you for your feedback. Your suggestion has been received."
suggestion_received_title,改善要望を受け付けました,"Suggestion Received"
suggestion_received_body,"改善要望を受け付けました。\n\nご要望内容：\n{message}\n\nご意見をお寄せいただきありがとうございます。\n内容を確認の上、今後の運営・機能改善の参考とさせていただきます。","Your suggestion has been received.\n\nYour request:\n{message}\n\nThank you for your feedback.\nWe will review your suggestion and use it as a reference for future operations and feature improvements."
notifications_empty,新しいお知らせはありません。,"No new notifications."
notification_no_title,（タイトルなし）,"(No Title)"
notifications_load_more,さらに表示,"Load More"
notifications_loading,読み込み中...,Loading...
notifications_load_failed,お知らせの読み込みに失敗しました,"Failed to load notifications"
reply_placeholder,返信内容を入力してください,"Enter your reply"
reply_submit,返信する,"Send Reply"
reply_success,返信を送信しました。,"Reply sent."
reply_success_message,返信を送信しました。ありがとうございます。,"Your reply has been sent. Thank you."
reply_failed,返信の送信に失敗しました,"Failed to send reply"
reply_required,返信内容を入力してください,"Please enter your reply"
thread_detail_title," - Chatgo"," - Chatgo"
back_to_threads,"← ルーム一覧に戻る","← Back to Room List"
report_change,"✏️ 通報内容を変更","✏️ Change Report"
reported,"✅ 通報済み","✅ Reported"
favorite,"☆ お気に入り","☆ Favorite"
unfavorite,"★ お気に入り解除","★ Remove from Favorites"
search_responses_placeholder,リプライを検索...,"Search replies..."
thread_deleted_by_report,このルームは通報により削除されました,"This room has been deleted due to a report"
thread_deleted_title,ルームが削除されました,"Room Deleted"
thread_deleted_message,このルームは通報の承認により削除されました。利用規約に違反する内容が含まれていたため、閲覧できなくなっています。,"This room has been deleted following the approval of reports. It contained content that violated our terms of service and is no longer available for viewing."
thread_unavailable_title,このルームは表示できません,"This room is unavailable"
thread_unavailable_message,このルームは年齢制限により表示できません。,"This room cannot be viewed due to age restrictions."
thread_restricted_warning,"⚠️ このルームは機能が制限されています","⚠️ This room has restricted functionality"
thread_restricted_description,このルームは以下の理由により通報されており、リプライの投稿が制限されています。閲覧のみ可能です：,"This room has been reported for the following reasons and reply posting is restricted. Viewing only:"
restricted_by_report,通報により制限されています,"Restricted due to report"
acknowledge_restriction,内容を確認し、了承する（閲覧のみ可能）,"I acknowledge and understand (viewing only)"
thread_restricted_info_acknowledge,"⚠️ このルームは通報により機能が制限されています。上記の注意事項を確認し、了承してください。","⚠️ This room has restricted functionality due to a report. Please review the above notice and acknowledge."
thread_restricted_info_view_only,"⚠️ このルームは通報により機能が制限されています。リプライの投稿はできませんが、閲覧は可能です。","⚠️ This room has restricted functionality due to a report. You cannot post replies, but viewing is allowed."
thread_deleted_info,このルームは通報により削除されました。,"This room has been deleted due to a report."
message_label,メッセージ,Message
message_placeholder,メッセージを入力してください,"Enter your message"
reply_placeholder_detail,返信を入力してください...,"Enter your reply..."
submitting,送信中,Sending...
sending_request,申請中,"Sending request..."
deleting,削除中,Deleting...
creating_room,作成中,Creating...
confirm_create_thread_submit,この内容でルームを作成しますか？,"Create the room with this content?"
registering,登録中,Registering...
login_required_for_comment,コメントを投稿するには会員登録が必要です,"Member registration is required to post comments"
no_responses_yet,まだリプライはありません。,"No replies yet."
first_response_hint,最初のリプライを投稿してみましょう！,"Be the first to post a reply!"
search_min_length_hint,検索には2文字以上のキーワードを入力してください。,"Please enter at least 2 characters for search."
search_hints,検索のヒント：,"Search Tips:"
search_and_hint,"空白でAND検索（例：「word1 word2」）","Space for AND search (e.g., ""word1 word2"")"
search_exclude_hint,"「-」で除外検索（例：「word1 -word2」）","""-"" for exclusion search (e.g., ""word1 -word2"")"
search_target_body,リプライ内容,"Reply Content"
search_target_user,ユーザー名,Username
search_target_both,両方,Both
response_deleted_by_report,このリプライは通報により削除されました,"This reply has been deleted due to a report"
response_restricted_warning,"⚠️ このリプライは非表示になっています","⚠️ This reply is hidden"
response_restricted_description,このリプライは以下の理由により通報されています：,"This reply has been reported for the following reasons:"
response_restricted_by_report,通報により非表示になっています,"Hidden due to report"
acknowledge_response_restriction,内容を確認し、了承して表示する,"I acknowledge and understand (show content)"
response_reported_indicator,このリプライは通報されています,"This reply has been reported"
reply_indicator,"↳ 返信","↳ Reply"
reply_button,"💬 返信","💬 Reply"
admin_messages_title,お知らせ配信,"Announcement Distribution"
admin_messages_target,対象,Target
admin_messages_target_members,会員,Members
admin_messages_target_guests,非会員,Guests
admin_messages_target_type,送信先,Recipients
admin_messages_target_all_members,全会員,"All members"
admin_messages_target_filtered,条件を指定（18歳以上/国籍/登録日時）,"By criteria (18+, nationality, registration date)"
admin_messages_target_specific,特定のユーザー（ユーザーID・ユーザー名）,"Specific users (User ID or username)"
admin_messages_target_is_adult,18歳以上,18+
admin_messages_target_is_adult_all,指定なし,Any
admin_messages_target_is_adult_yes,18歳以上のみ,"18+ only"
admin_messages_target_is_adult_no,18歳未満のみ,"Under 18 only"
admin_messages_target_nationalities,"国籍（国コード カンマ区切り）","Nationality (country codes, comma-separated)"
admin_messages_target_registered_after,登録日時（以降）,"Registered after"
admin_messages_target_registered_before,登録日時（以前）,"Registered before"
admin_messages_recipient_identifiers,"ユーザーID（@の後ろの部分。1行1件 または カンマ区切り）","User ID (the part after @. One per line or comma-separated)"
admin_messages_specific_required,特定ユーザーを指定してください。,"Please specify at least one user."
admin_messages_specific_no_users,指定に一致するユーザーが見つかりません。,"No users match the given identifiers."
admin_messages_welcome_title,初回登録時お知らせ,"Welcome message (sent on first registration)"
admin_messages_welcome_set,初回登録時お知らせを設定しました。,"Welcome message has been set."
admin_messages_welcome_save,初回登録時お知らせとして保存,"Save as welcome message"
admin_messages_sent_to_specific,特定ユーザー（{count}名）,"Specific users ({count})"
admin_messages_title_label,タイトル（任意）,"Title (Optional)"
admin_messages_title_ja,日本語,Japanese
admin_messages_title_en,English,English
admin_messages_title_placeholder_ja,タイトル（日本語）,"Title (Japanese)"
admin_messages_title_placeholder_en,"Title (English)","Title (English)"
admin_messages_body_label,本文,Body
admin_messages_body_placeholder_ja,本文を入力（日本語）,"Enter body (Japanese)"
admin_messages_body_placeholder_en,"Enter body (English)","Enter body (English)"
admin_messages_allow_reply,ユーザーからの返信を許可,"Allow replies from users"
admin_messages_reply_limit_once,1度きり,"Once only"
admin_messages_reply_limit_unlimited,無限,Unlimited
admin_messages_send,配信する,Send
admin_messages_sent_list,送信済みのお知らせ一覧,"Sent Announcements"
admin_messages_replies_button,ユーザーからの返信一覧を開く,"Open User Replies"
admin_messages_replies_title,ユーザーからの返信一覧,"User Replies"
admin_messages_reply_user,返信ユーザー,"Replying user"
admin_messages_reply_source,返信元お知らせ,"Reply to"
admin_messages_history_button,過去のお知らせ一覧を開く,"Open Past Announcements"
admin_messages_history_title,過去のお知らせ一覧,"Past Announcements"
admin_messages_history_back_to_messages,お知らせ配信画面へ戻る,"Back to Announcement Delivery"
admin_messages_filter,フィルター:,Filter:
admin_messages_filter_all,すべて,All
admin_messages_filter_manual_reply,手動送信へのユーザーからの返信,"User replies to manual messages"
admin_messages_filter_members,会員への送信,"Sent to members"
admin_messages_filter_specific,特定ユーザーへの送信,"Sent to specific users"
admin_messages_filter_guests,非会員への送信,"Sent to guests"
admin_messages_filter_reply_only,返信ありお知らせのみ,"Reply notifications only"
admin_messages_template_new,新規作成,"Create new"
admin_messages_template_update_submit,更新する,Update
admin_messages_template_delete_submit,削除する,Delete
admin_sort_order,並び順:,Sort:
admin_sort_latest,最新から,"Newest first"
admin_sort_oldest,古い順,"Oldest first"
admin_messages_sent_to,対象:,Target:
admin_messages_sent_to_individual,"個人向け（ユーザーID: {user_id}）","Individual (User ID: {user_id})"
admin_messages_sent_to_members,会員,Members
admin_messages_sent_to_guests,非会員,Guests
admin_messages_sent_at,送信日時:,"Sent at:"
admin_messages_reply_indicator,（返信）,(Reply)
admin_messages_cancel,取り消し,Cancel
admin_messages_cancel_confirm,"このお知らせの送信を取り消しますか？\n取り消すと、ユーザーには表示されなくなります。","Do you want to cancel this announcement?\nIf canceled, it will no longer be displayed to users."
admin_messages_no_messages,送信済みのお知らせはありません。,"No sent announcements."
admin_messages_sent_success,お知らせを配信しました,"Announcement sent"
admin_messages_coin_amount,コイン数（任意）,"Coins (optional)"
admin_messages_coin_amount_placeholder,コイン数を入力（0以上の整数）,"Enter coin amount (integer 0 or greater)"
notification_coin_badge,"🪙 {amount}コイン","🪙 {amount} coins"
notification_receive_coin,コインを受け取る,"Claim Coins"
notification_coin_received,コインを受け取りました！,"Coins received!"
notification_coin_already_received,既にコインを受け取っています,"You have already received the coins"
notification_coin_receive_failed,コインの受け取りに失敗しました,"Failed to receive coins"
thread_created_success,ルームが作成されました！,"Room created!"
thread_updated_success,ルームが更新されました！,"Room updated!"
thread_deleted_success,ルームが削除されました！,"Room deleted!"
favorite_added,お気に入りに追加しました,"Added to favorites"
favorite_removed,お気に入りを解除しました,"Removed from favorites"
r18_tag_login_required,R18タグのルームを作成するにはログインが必要です。,"Login is required to create R18 tagged rooms."
r18_tag_adult_only,R18タグのルームは18歳以上のユーザーのみ作成できます。,"R18 tagged rooms can only be created by users 18 years or older."
r18_tag_change_login_required,R18タグのルームに変更するにはログインが必要です。,"Login is required to change to R18 tag."
r18_tag_adult_only_change,R18タグは18歳以上のユーザーのみ使用できます。,"R18 tag can only be used by users 18 years or older."
r18_thread_checkbox,R18ルームにする,"Mark as R18 room"
r18_thread_checkbox_description,成人向けコンテンツが含まれる可能性があるルームに設定します。,"Mark this room as it may contain adult content."
r18_thread_login_required,R18ルームを作成するにはログインが必要です。,"Login is required to create R18 rooms."
r18_thread_adult_only,R18ルームは18歳以上のユーザーのみ作成できます。,"R18 rooms can only be created by users 18 years or older."
r18_thread_adult_only_view,R18ルームは18歳以上のユーザーのみ閲覧できます。,"R18 rooms can only be viewed by users 18 years or older."
r18_thread_change_login_required,R18ルームに変更するにはログインが必要です。,"Login is required to change to R18 room."
r18_thread_adult_only_change,R18ルームは18歳以上のユーザーのみ使用できます。,"R18 rooms can only be used by users 18 years or older."
r18_thread_warning_title,成人向けコンテンツの注意,"Adult content notice"
r18_thread_warning_message,このルームには成人向けコンテンツが含まれている可能性があります。,"This room may contain adult content."
r18_thread_warning_confirm,18歳以上であることを確認し、了承してください。,"Please confirm you are 18 or older and acknowledge this before continuing."
r18_thread_acknowledge_button,了承して閲覧する,"I acknowledge and enter"
r18_thread_mark,R18ルーム,"R18 room"
r18_thread_cannot_report_content_violation,R18ルームまたはR18タグのルームは「コンテンツ規制違反」を通報できません。,"You cannot report R18 rooms or R18-tagged rooms for ""Non-Adult Content Policy Violation."""
r18_change_request_title,ルームをR18ルームに変更しますか？,"Change this room to R18?"
r18_change_request_body,"あなたが作成したルーム「{thread_title}」またはそのルーム内のリプライが「成人向けコンテンツが含まれる」という理由で制限されています。\nこのルームをR18ルームに変更しますか？\n承認ボタンをクリックすると、ルームがR18ルームに変更され、成人向けコンテンツの制限が無くなります。","Your room ""{thread_title}"" or one of its replies has been restricted for containing adult content.\nWould you like to change this room to R18?\nIf you tap Approve Change, this room will be marked as R18 and adult-content restrictions will be lifted."
r18_change_approve_button,承認,Approve
r18_change_reject_button,拒否,Decline
r18_change_use_buttons,R18変更リクエストは承認/拒否ボタンを使用してください。,"Please use the Approve Change or Reject Change buttons for this request."
r18_change_already_processed,このリクエストは既に処理済みです。,"This request has already been processed."
r18_change_approve_failed,R18変更の承認に失敗しました。,"Failed to approve R18 change."
r18_change_reject_failed,R18変更の拒否に失敗しました。,"Failed to reject R18 change."
r18_change_approve_success,ルームをR18ルームに変更しました。,"This room is now set to R18."
r18_change_reject_success,R18ルームへの変更を拒否しました。,"The request to change this room to R18 was declined."
confirm_r18_change_approve,このルームをR18ルームに変更しますか？,"Change this room to R18?"
report_restriction_review_title,通報対象の審査について,"Review of Reported Content"
report_restriction_ack_title,通報による制限の確認（了承）,"Acknowledge Report Restriction"
report_restriction_ack_button,了承して削除する,"Accept & Delete"
report_restriction_ack_success,了承を受け付けました。,"Your acceptance has been received."
report_restriction_ack_failed,了承処理に失敗しました。,"Failed to process your acceptance."
report_ack_disabled_after_r18_change,R18ルームに変更済みのため、通報の了承（削除）はできません。,"This content is now treated as R18, so this delete action is no longer available."
report_ack_disabled_after_admin_moderated,この通報は管理者側で既に承認または拒否済みのため、了承して削除はできません。,"This report has already been approved or rejected by administrators, so accept-and-delete is not available."
thread_restricted_no_post,このルームは通報により機能が制限されており、リプライの投稿はできません。閲覧のみ可能です。,"This room has restricted functionality due to a report. Reply posting is not allowed. Viewing only."
login_required,ログインが必要です。,"Login is required."
request_user_mismatch,この操作を実行する権限がありません。,"You do not have permission to perform this action."
duplicate_submission,送信が重複しています。しばらく待ってから再度お試しください。,"Duplicate submission. Please wait a moment and try again."
login_failed,ログイン情報が正しくありません。,"Login credentials are incorrect."
login_required_error,ログインが必要です,"Login is required"
acknowledgment_success,注意事項を了承しました。,"Acknowledged the notice."
report_login_required,通報するにはログインが必要です。,"Login is required to report."
report_thread_or_response_required,ルームまたはリプライのいずれかを指定してください。,"Please specify either a room or a reply."
report_both_not_allowed,ルームとリプライの両方を指定することはできません。,"You cannot specify both a room and a reply."
report_already_rejected,このルーム/リプライへの通報は既に拒否されています。同じルーム/リプライを通報することはできません。,"The report for this room/reply has already been rejected. You cannot report the same room/reply again."
report_updated,通報内容を更新しました。,"Report updated."
report_submitted,通報を受け付けました。,"Report submitted."
report_limit_exceeded,通報数の上限（10件）に達しています。未処理の通報が処理されるまで、新しい通報はできません。,"You have reached the report limit (10 reports). You cannot submit new reports until pending reports are processed."
report_restricted_thread,このルームは警告状態（制限がかかっている）のため、通報できません。,"This room is in a warning state (restricted) and cannot be reported."
report_restricted_response,このリプライは警告状態（制限がかかっている）のため、通報できません。,"This reply is in a warning state (restricted) and cannot be reported."
report_already_processed,このルーム/リプライへの通報は既に承認または拒否されています。通報することはできません。,"The report for this room/reply has already been approved or rejected. You cannot report it."
profile_updated_reauth_both,プロフィールを更新しました。メールアドレスと電話番号が変更されたため、再度認証を行ってください。,"Profile updated. Please re-authenticate as both email and phone number have been changed."
profile_updated_reauth_email,プロフィールを更新しました。メールアドレスが変更されたため、再度メール認証を行ってください。,"Profile updated. Please re-authenticate your email as it has been changed."
profile_updated_reauth_sms,プロフィールを更新しました。電話番号が変更されたため、再度SMS認証を行ってください。,"Profile updated. Please re-authenticate your phone number as it has been changed."
profile_pending_contact_cancelled,メール・電話の変更を取りやめました。認証が完了するまで登録内容は変わりません。,"You have cancelled the contact change. Your registered email and phone stay as they were until verification is completed."
validation_username_required,ユーザー名を入力してください。,"Please enter your username."
validation_username_string,ユーザー名は文字列で入力してください。,"Username must be a string."
validation_username_max,ユーザー名は255文字以内で入力してください。,"Username must be 255 characters or less."
validation_username_regex,ユーザー名はアルファベット、数字、記号（_、-、.）のみ使用可能です。,"Username can only contain letters, numbers, and symbols (_, -, .)."
validation_username_unique,このユーザー名は既に使用されています。別のユーザー名を入力してください。,"This username is already taken. Please enter a different username."
validation_email_required,メールアドレスを入力してください。,"Please enter your email address."
validation_email_email,正しいメールアドレスの形式で入力してください。,"Please enter a valid email address."
validation_email_max,メールアドレスは255文字以内で入力してください。,"Email address must be 255 characters or less."
validation_email_unique,このメールアドレスは既に登録されています。別のメールアドレスを入力してください。,"This email address is already registered. Please enter a different email address."
validation_phone_required,電話番号を入力してください。,"Please enter your phone number."
validation_phone_string,電話番号は文字列で入力してください。,"Phone number must be a string."
validation_phone_max,電話番号は20文字以内で入力してください。,"Phone number must be 20 characters or less."
validation_phone_unique,この電話番号は既に登録されています。別の電話番号を入力してください。,"This phone number is already registered. Please enter a different phone number."
validation_phone_country_required,国・地域を選択してください。,"Please select a country/region."
validation_phone_country_string,国・地域は文字列で選択してください。,"Country/region must be a string."
validation_phone_country_max,国・地域の選択に問題があります。,"There is a problem with the country/region selection."
validation_phone_local_required,電話番号を入力してください。,"Please enter your phone number."
validation_phone_local_string,電話番号は文字列で入力してください。,"Phone number must be a string."
validation_phone_local_max,電話番号は20文字以内で入力してください。,"Phone number must be 20 characters or less."
phone_number_not_usable,この電話番号は使えません。,"This phone number cannot be used."
voip_number_not_allowed,この電話番号は使えません。,"This phone number cannot be used."
validation_password_required,パスワードを入力してください。,"Please enter your password."
validation_password_string,パスワードは文字列で入力してください。,"Password must be a string."
validation_password_min,パスワードは16文字以上で入力してください。,"Password must be at least 16 characters."
validation_password_confirmed,パスワード（確認）が一致しません。,"Password confirmation does not match."
validation_password_complexity,パスワードは英字大文字・英字小文字・数字・記号のうち3種類以上を含む必要があります。,"Password must contain at least 3 of the following: uppercase letters, lowercase letters, numbers, and symbols."
validation_birthdate_required,生年月日を入力してください。,"Please enter your date of birth."
validation_birthdate_date,正しい日付形式で入力してください。,"Please enter a valid date."
validation_birthdate_before,生年月日は今日より前の日付を入力してください。,"Date of birth must be before today."
validation_nationality_required,国籍を選択してください。,"Please select your nationality."
validation_nationality_string,国籍は文字列で選択してください。,"Nationality must be a string."
validation_nationality_in,国籍の選択に問題があります。,"There is a problem with the nationality selection."
validation_residence_required,居住地を選択してください。,"Please select your location."
validation_residence_string,居住地は文字列で選択してください。,"Location must be a string."
validation_residence_in,居住地の選択に問題があります。,"There is a problem with the location selection."
validation_bio_string,自己紹介は文字列で入力してください。,"Bio must be a string."
validation_bio_max,自己紹介は100文字以内で入力してください。,"Bio must be 100 characters or less."
bio_url_not_allowed,自己紹介文にURLを含めることはできません。,"URLs are not allowed in bio."
validation_profile_image_image,アップロードできるファイルは画像ファイルのみです。,"Only image files can be uploaded."
validation_profile_image_mimes,アップロードできる画像形式はjpeg、png、jpg、gifのみです。,"Only jpeg, png, jpg, and gif image formats are allowed."
validation_profile_image_max,画像ファイルのサイズは2MB以下である必要があります。,"Image file size must be 2MB or less."
verification_code_incorrect,認証コードが正しくありません。,"The verification code is incorrect."
verification_code_resent,認証コードを再送信しました。,"Verification code has been resent."
sms_verification_completed,SMS認証が完了しました。,"SMS verification completed."
sms_verification_completed_next_email,SMS認証が完了しました。次にメール認証を行ってください。,"SMS verification completed. Please proceed with email verification."
email_verification_completed,メール認証が完了しました。,"Email verification completed."
sms_verification_title,SMS認証,"SMS Verification"
sms_verification_header,SMS認証,"SMS Verification"
sms_verification_description,"{phone} に送信された認証コードを入力してください。","Please enter the verification code sent to {phone}."
sms_verification_note,認証コードは5分間有効です。,"The verification code is valid for 5 minutes."
dev_environment_title,開発環境,"Development Environment"
dev_environment_note,開発環境では認証コードが表示されます。,"In development environment, verification code is displayed."
verification_code_label,認証コード,"Verification Code"
verification_code_placeholder,6桁の認証コードを入力,"Enter 6-digit verification code"
verification_code_help,SMSで受信した6桁の認証コードを入力してください。,"Please enter the 6-digit verification code received via SMS."
verification_code_expiry,有効期限,Expiry
verification_code_expired_alert,認証コードの有効期限が切れました。,"The verification code has expired."
verification_code_not_available,認証コードが利用できません,"Verification code not available"
verify_button,認証する,Verify
resend_verification_code,{seconds}秒後に再送信可能,"Resend available in {seconds} seconds"
resend_verification_code_button,認証コードを再送信,"Resend Verification Code"
back_to_register,登録画面に戻る,"Back to Registration"
back_to_sms_verification,SMS認証に戻る,"Back to SMS Verification"
email_verification_title,メール認証,"Email Verification"
email_verification_header,メール認証,"Email Verification"
email_verification_description,"{email} に送信された認証コードを入力してください。","Please enter the verification code sent to {email}."
message_not_found,メッセージが見つかりません,"Message not found"
message_reply_not_allowed,このメッセージは返信できません,"This message cannot be replied to"
message_reply_already_sent,このメッセージには既に返信済みです,"A reply has already been sent to this message"
message_reply_no_permission,このメッセージに返信する権限がありません,"You do not have permission to reply to this message"
site_title,Chatgo,Chatgo
other,その他,Other
register_title,新規登録,Register
register_subtitle,アカウント情報を入力してください,"Please enter your account information"
register_validation_errors,入力内容に問題があります,"There are problems with your input"
register_username_label,ユーザー名,Username
register_username_help,アルファベット、数字、記号（_、-、.）のみ使用可能です,"Only letters, numbers, and symbols (_, -, .) are allowed"
register_user_identifier_label,ユーザーID,"User ID"
register_user_identifier_help,小文字英語とアンダーバーのみ使用可能です,"Only lowercase letters and underscores are allowed"
register_phone_country_label,国・地域,Country/Region
register_phone_country_help,電話番号の国・地域を選択してください,"Please select the country/region for your phone number"
register_phone_local_label,電話番号,"Phone Number"
register_phone_local_help,"国内番号を入力してください（例: 90-1234-5678）","Please enter your local number (e.g., 90-1234-5678)"
register_email_label,メールアドレス,"Email Address"
register_password_label,パスワード,Password
register_password_help,16文字以上で入力してください,"Must be at least 16 characters"
register_password_requirement_length,16文字以上,"At least 16 characters"
register_password_requirement_types,英字大文字・小文字・数字・記号のうち3種類以上を含む,"Contains at least 3 of: uppercase, lowercase, numbers, symbols"
register_password_requirement_match,パスワード（確認）と一致,"Matches password confirmation"
register_password_confirmation_label,パスワード（確認）,"Password Confirmation"
register_nationality_label,国籍,Nationality
register_residence_label,居住地,Location
register_birthdate_label,生年月日,"Date of birth"
register_birthdate_help,生年月日を選択してください,"Please select your date of birth"
register_submit,登録情報を確認,"Confirm Registration"
register_already_account,すでにアカウントをお持ちの方は,"Already have an account?"
register_back_to_terms,"← 利用規約に戻る","← Back to Terms"
register_google_button,Googleで登録,"Register with Google"
register_optional_note,（任意）,(Optional)
register_google_optional_phone_note,Google登録では未入力でも進めます。,"With Google registration, you can continue without entering this field."
country_japan,日本,Japan
country_jp,日本,Japan
country_usa,アメリカ,"United States"
country_us,アメリカ,"United States"
country_uk,イギリス,"United Kingdom"
country_gb,イギリス,"United Kingdom"
country_canada,カナダ,Canada
country_ca,カナダ,Canada
country_australia,オーストラリア,Australia
country_au,オーストラリア,Australia
country_other,その他,Other
country_de,ドイツ,Germany
country_fr,フランス,France
country_nl,オランダ,Netherlands
country_be,ベルギー,Belgium
country_se,スウェーデン,Sweden
country_fi,フィンランド,Finland
country_dk,デンマーク,Denmark
country_no,ノルウェー,Norway
country_is,アイスランド,Iceland
country_at,オーストリア,Austria
country_ch,スイス,Switzerland
country_ie,アイルランド,Ireland
country_kr,韓国,"South Korea"
country_sg,シンガポール,Singapore
country_nz,ニュージーランド,"New Zealand"
register_phone_help_jp,"携帯電話: 090-1234-5678、固定電話: 03-1234-5678","Mobile: 090-1234-5678, Landline: 03-1234-5678"
register_phone_help_us,"例: 555-123-4567（エリアコード3桁 + 交換局3桁 + 加入者4桁）","Example: 555-123-4567 (3-digit area code + 3-digit exchange + 4-digit subscriber)"
register_phone_help_ca,"例: 555-123-4567（エリアコード3桁 + 交換局3桁 + 加入者4桁）","Example: 555-123-4567 (3-digit area code + 3-digit exchange + 4-digit subscriber)"
register_phone_help_gb,"携帯電話: 7123-456789、固定電話: 020-1234-5678","Mobile: 7123-456789, Landline: 020-1234-5678"
register_phone_help_de,"携帯電話: 151-12345678、固定電話: 030-12345678","Mobile: 151-12345678, Landline: 030-12345678"
register_phone_help_fr,"携帯電話: 06-12-34-56-78、固定電話: 01-23-45-67-89","Mobile: 06-12-34-56-78, Landline: 01-23-45-67-89"
register_phone_help_nl,"携帯電話: 6-12345678、固定電話: 020-1234567","Mobile: 6-12345678, Landline: 020-1234567"
register_phone_help_be,"携帯電話: 470-12-34-56、固定電話: 02-123-45-67","Mobile: 470-12-34-56, Landline: 02-123-45-67"
register_phone_help_se,"携帯電話: 70-123-4567、固定電話: 08-123-456","Mobile: 70-123-4567, Landline: 08-123-456"
register_phone_help_fi,"携帯電話: 40-123-4567、固定電話: 09-123-4567","Mobile: 40-123-4567, Landline: 09-123-4567"
register_phone_help_dk,"携帯電話: 20-12-34-56、固定電話: 33-12-34-56","Mobile: 20-12-34-56, Landline: 33-12-34-56"
register_phone_help_no,"携帯電話: 412-34567、固定電話: 22-12-34-56","Mobile: 412-34567, Landline: 22-12-34-56"
register_phone_help_is,"携帯電話: 612-3456、固定電話: 555-1234","Mobile: 612-3456, Landline: 555-1234"
register_phone_help_at,"携帯電話: 664-123456、固定電話: 01-1234567","Mobile: 664-123456, Landline: 01-1234567"
register_phone_help_ch,"携帯電話: 76-123-45-67、固定電話: 021-123-45-67","Mobile: 76-123-45-67, Landline: 021-123-45-67"
register_phone_help_ie,"携帯電話: 85-123-4567、固定電話: 01-234-5678","Mobile: 85-123-4567, Landline: 01-234-5678"
register_phone_help_kr,"携帯電話: 10-1234-5678、固定電話: 02-123-4567","Mobile: 10-1234-5678, Landline: 02-123-4567"
register_phone_help_sg,"携帯電話: 8123-4567、固定電話: 6123-4567","Mobile: 8123-4567, Landline: 6123-4567"
register_phone_help_au,"携帯電話: 412-345-678、固定電話: 02-1234-5678","Mobile: 412-345-678, Landline: 02-1234-5678"
register_phone_help_nz,"携帯電話: 21-123-4567、固定電話: 09-123-4567","Mobile: 21-123-4567, Landline: 09-123-4567"
example_prefix,例,Example
mobile_phone,携帯電話,Mobile
landline_phone,固定電話,Landline
select_please,選択してください,"Please select"
thread_restricted_title,このルームは機能が制限されています,"This room has restricted functionality"
profile_title_suffix,のプロフィール,"'s Profile"
profile_back,戻る,Back
profile_bio_label,自己紹介,Bio
profile_nationality_label,国籍,Nationality
profile_residence_label,居住国,Location
profile_residence_history_title,居住地変更履歴を表示,"Show Location History"
profile_registered_date_label,登録日,"Registered Date"
profile_threads_created,作成したルーム,"Created Rooms"
profile_no_threads_created,まだルームを作成していません,"No rooms created yet"
profile_residence_history_modal_title,居住地変更履歴,"Location History"
profile_loading,読み込み中...,Loading...
profile_no_history,変更履歴がありません,"No history available"
profile_error_occurred,エラーが発生しました,"An error occurred"
login_title,ログイン,Login
login_subtitle,アカウントにログインしてください,"Please log in to your account"
login_email_label,メールアドレス,"Email Address"
login_password_label,パスワード,Password
login_submit,ログイン,Login
login_no_account,アカウントをお持ちでない方は,"Don't have an account?"
login_register_link,新規登録,Register
login_back,"← 戻る","← Back"
login_disabled_use_reset,ログインが停止されています。パスワードを初期化してください。,"Login is disabled. Please reset your password."
login_locked,"ログインは :time まで一時的に制限されています。","Login is temporarily locked until :time."
login_captcha_notice,複数回の失敗が検知されました。下記のリンクからパスワードを初期化できます。,"Multiple failed attempts detected. You can reset your password using the link below."
login_password_reset_link,パスワードを初期化する,"Reset password"
login_google_button,Googleでログイン,"Login with Google"
login_reset_title,パスワード初期化,"Password Reset"
login_reset_enter_phone_email,登録済みの電話番号とメールアドレスを入力してください。認証後、パスワードを変更できます。,"Enter your registered phone number and email address. After verification, you can change your password."
login_reset_verify_sms_email,SMSとメールで送信された認証コードを入力してください。,"Enter the verification codes sent by SMS and email."
login_reset_new_password,新しいパスワードを設定してください。,"Set a new password."
login_reset_success,パスワードを変更しました。ログインしました。,"Your password has been updated. You are now logged in."
login_forgot_password_link,パスワードを忘れた方はこちら,"Forgot your password?"
social_login_account_not_found,選択したGoogleアカウントに紐づくアカウントが見つかりません。新規登録が必要です。,"No account is linked to this Google account. Please register first."
social_register_terms_required,Googleで登録する前に、利用規約への同意が必要です。,"You must agree to the terms before registering with Google."
password_reset_email_intro,登録のメールアドレスに、パスワード再設定用のリンクを送ります。,"We will send a password reset link to your registered email address."
password_reset_link_email_intro,パスワード再設定のリクエストを受け付けました。以下のリンクから新しいパスワードを設定してください。,"We received a request to reset your password. Use the link below to set a new password."
password_reset_link_email_ignore,心当たりがない場合はこのメールを無視してください。,"If you did not request this, you can ignore this email."
password_reset_send_link,再設定用リンクを送信,"Send reset link"
password_reset_forgot_email_link,メールアドレスを忘れた方はこちら（登録電話番号で再設定）,"Forgot your email? (reset with your registered phone number)"
password_reset_phone_title,電話番号でパスワード再設定,"Reset password with phone number"
password_reset_phone_intro,登録済みの電話番号を入力してください。SMSにパスワード再設定用のリンクを送ります（開発環境ではログに出力されます）。,"Enter your registered phone number. We will send a password reset link by SMS (in development, check application logs)."
password_reset_send_link_sms,SMSでリンクを送信,"Send link via SMS"
password_reset_back_to_email,メールアドレスで再設定する,"Back to email reset"
password_reset_sent_title,送信しました,"Request received"
password_reset_sent_body_email,パスワード再設定用のリンクを記載したメールを送信しました。メールをご確認ください。,"We have sent an email with a password reset link. Please check your inbox."
password_reset_sent_body_sms,パスワード再設定用のリンクをSMSで送信しました（開発環境ではログをご確認ください）。,"We have sent a password reset link by SMS (in development, check application logs)."
password_reset_dev_link_label,テスト用・再設定URL,"Test reset URL"
password_reset_new_password_title,新しいパスワードの設定,"Set a new password"
password_reset_throttled,再設定リンクの送信が早すぎます。しばらくしてから再度お試しください。,"Please wait before requesting another reset link."
password_reset_invalid_link,リンクが無効です。最初からやり直してください。,"This link is invalid. Please start again."
password_reset_token_invalid,リンクの有効期限が切れたか、既に使用されています。再度お手続きください。,"This link has expired or was already used. Please request a new reset."
password_reset_try_again,パスワードを更新できませんでした。もう一度お試しください。,"Could not update your password. Please try again."
password_reset_email_not_registered,このメールアドレスは登録されていません。入力内容をご確認ください。,"This email address is not registered. Please check what you entered."
password_reset_phone_not_registered,この電話番号は登録されていません。入力内容をご確認ください。,"This phone number is not registered. Please check what you entered."
auth_choice_title,"ログイン / 新規登録 - Chatgo","Login / Register - Chatgo"
auth_choice_welcome,Chatgoへようこそ,"Welcome to Chatgo"
auth_choice_subtitle,ログインまたは新規登録を選択してください,"Please choose to login or register"
auth_choice_back_to_top,"← トップページに戻る","← Back to Top"
terms_title,"利用規約・プライバシーポリシー - Chatgo","Terms of Service & Privacy Policy - Chatgo"
terms_header,利用規約・プライバシーポリシー,"Terms of Service & Privacy Policy"
terms_subtitle,サービスをご利用いただく前に、以下の内容をご確認ください,"Please review the following before using our service"
terms_section_title,利用規約,"Terms of Service"
terms_art_1_title,第1条（適用）,"Article 1 (Application)"
terms_art_1_text,本利用規約（以下「本規約」といいます。）は、Chatgo（以下「本サービス」といいます。）の提供条件および本サービスの利用に関する運営者（以下「運営」といいます。）と、会員登録を行ったユーザーとの間の権利義務関係を定めるものです。,"These Terms of Service (""Terms"") govern the conditions for providing and using Chatgo (the ""Service"") and apply to registered users of the Service. Chatgo is operated by the service operator (""we"" or ""us"")."
terms_art_2_title,第2条（同意）,"Article 2 (Agreement)"
terms_art_2_text,ユーザーは、本サービスの会員登録時に、本規約の内容を確認のうえ、同意する操作を行うことにより、本規約のすべてに同意したものとみなされます。,"By reviewing these Terms and indicating consent during the registration process, the user is deemed to have agreed to all provisions of these Terms."
terms_art_3_title,第3条（会員登録）,"Article 3 (Registration)"
terms_art_3_text,"1. 本サービスの利用には、運営が定める方法による会員登録が必要です。
2. ユーザーは、登録情報について真実かつ正確な情報を提供するものとします。
3. 登録情報に虚偽、誤記、なりすまし等が判明した場合、運営は事前の通知なく、当該ユーザーの利用制限、投稿の非表示、アカウント停止または削除等の措置を講じることができます。","Users must register in accordance with the method prescribed by us. If false, inaccurate, or misleading information is provided, we may restrict, suspend, or terminate the account without prior notice."
terms_art_4_title,第4条（禁止事項）,"Article 4 (Prohibited Conduct)"
terms_art_4_text,"ユーザーは、本サービスの利用にあたり、以下の行為をしてはなりません。
・法令または公序良俗に違反する行為
・他者への誹謗中傷、差別、暴言、嫌がらせ行為
・意見・思想を不当に押し付ける行為、議論や交流を妨害する行為
・スパム、詐欺、無断の勧誘または営利目的の利用
・不適切なリンク、外部サイトへの不正誘導
・成人向けコンテンツの不適切な投稿
・第三者の知的財産権、プライバシー、その他の権利を侵害する行為
・本サービスの運営を妨害する行為
・その他、運営が不適切と判断する行為","Users shall not engage in any acts including, but not limited to:
・Violations of laws or public order
・Harassment, discrimination, defamation, or abusive behavior
・Forcing opinions or disrupting discussions
・Spam, fraud, solicitation, or unauthorized commercial use
・Infringement of intellectual property or privacy rights
・Any act deemed inappropriate by us"
terms_art_5_title,第5条（投稿コンテンツの取扱い）,"Article 5 (User Content)"
terms_art_5_text,"1. ユーザーが本サービスに投稿した文章、画像、音声、動画その他の情報（以下「投稿コンテンツ」といいます。）の著作権は、当該ユーザーまたは正当な権利者に帰属します。
2. ユーザーは、運営に対し、投稿コンテンツを本サービスの運営、広告、広報、改善、二次利用等の目的のために、無償・非独占的・永続的・取消不能に利用（複製、翻案、公衆送信、再許諾を含みます。）する権利を許諾するものとします。
3. 運営は、投稿コンテンツの内容について、その正確性、合法性、有用性等を保証するものではありません。","1. Copyrights to content posted by users belong to the users or rightful owners.
2. Users grant us a perpetual, irrevocable, non-exclusive, royalty-free license to use such content for operation, promotion, advertising, improvement, and secondary use of the Service, including sublicensing.
3. We do not guarantee the accuracy or legality of user content."
terms_art_6_title,第6条（利用制限および停止）,"Article 6 (Restrictions)"
terms_art_6_text,運営は、ユーザーが本規約に違反したと判断した場合、事前の通知なく、投稿の非表示、利用制限、アカウントの一時停止または削除等の措置を講じることができます。,"We may restrict or terminate a user's access if a violation of these Terms is found."
terms_art_7_title,第7条（免責事項）,"Article 7 (Disclaimer)"
terms_art_7_text,"1. 本サービスは「現状有姿」かつ「提供可能な範囲」で提供されるものであり、運営は、その完全性、正確性、安全性、継続性等について、いかなる保証も行いません。
2. 本サービスの利用に関連してユーザーに損害が生じた場合であっても、運営は、故意または重過失がある場合を除き、一切の責任を負いません。
3. ユーザー間または第三者との間で生じた紛争については、ユーザーが自己の責任と費用で解決するものとし、運営は一切関与しません。","The Service is provided ""as is"" and ""as available,"" without warranties of any kind, whether express or implied. Users are responsible for resolving disputes with other users or third parties at their own expense."
terms_art_8_title,第8条（規約の変更）,"Article 8 (Amendments)"
terms_art_8_text,運営は、必要に応じて本規約を変更することができ、変更後の内容は本サービス上に表示した時点で効力を生じます。,"We may amend these Terms as necessary. Changes take effect upon posting within the Service."
terms_art_9_title,第9条（準拠法および管轄）,"Article 9 (Governing Law)"
terms_art_9_text,本規約は日本法を準拠法とし、本サービスに関して生じた紛争については、運営所在地を管轄する裁判所を専属的合意管轄とします。,"These Terms shall be governed by the laws of Japan."
terms_privacy_section_title,プライバシーポリシー,"Privacy Policy"
terms_privacy_intro,本サービスは、以下の方針に基づき、ユーザーの個人情報を取り扱います。,"This Service handles users' personal information in accordance with the following policy."
terms_privacy_1_title,"1. 収集する情報","1. Information Collected"
terms_privacy_1_text,"・会員登録時に提供される情報（メールアドレス、電話番号等）
・本サービスの利用に関する情報（アクセスログ、利用履歴等）
・お問い合わせ時に提供される情報","・Registration information (e-mail address, phone number, etc.)
・Usage data (access logs, usage history)
・Information provided through inquiries"
terms_privacy_2_title,"2. 利用目的","2. Purpose of Use"
terms_privacy_2_text,"・本サービスの提供、維持、改善
・本人確認および不正利用の防止
・お問い合わせへの対応
・利用規約に違反する行為への対応
・上記に付随する目的","・Providing, maintaining, and improving the Service
・Identity verification and prevention of misuse
・Responding to inquiries
・Addressing violations of the Terms"
terms_privacy_3_title,"3. 第三者提供","3. Third-Party Disclosure"
terms_privacy_3_text,運営は、法令に基づく場合を除き、本人の同意なく個人情報を第三者に提供しません。,"Personal information will not be disclosed to third parties without consent, except as required by law."
terms_privacy_4_title,"4. 安全管理","4. Data Security"
terms_privacy_4_text,運営は、個人情報の漏えい、滅失または改ざんを防止するため、合理的な安全管理措置を講じます。,"We implement reasonable security measures to protect personal information."
terms_privacy_5_title,"5. ポリシーの変更","5. Changes"
terms_privacy_5_text,本プライバシーポリシーは、必要に応じて変更され、変更後の内容は本サービス上に表示した時点で効力を生じます。,"This Privacy Policy may be updated as necessary, and changes take effect upon posting."
terms_agree_text,利用規約とプライバシーポリシーに同意します,"I agree to the Terms of Service and Privacy Policy"
terms_back,戻る,Back
terms_submit,同意して次へ進む,"Agree and Continue"
report_modal_title,通報する,Report
report_reason_label,通報理由（必須）,"Reason (Required)"
report_reason_spam,スパム・迷惑行為,"Spam / Harassment"
report_reason_offensive,攻撃的・不適切な内容,"Offensive / Inappropriate Content"
report_reason_inappropriate_link,不適切なリンク・外部誘導,"Inappropriate Link / External Redirect"
report_reason_adult_content,成人向けコンテンツが含まれる,"Adult content is included"
report_reason_content_violation,成人向け以外のコンテンツ規制違反,"Non-Adult Content Policy Violation"
report_reason_opinion_imposition,異なる思想に関しての意見の押し付け、妨害,"Opinion Imposition / Interference"
report_reason_thread_image_copyright,ルーム画像が第三者の著作権を侵害している可能性がある,"Room image may infringe third-party copyright"
report_reason_thread_image_personal_info,ルーム画像に個人情報・他人の情報が含まれている,"Room image contains personal information or information of others"
report_reason_thread_image_inappropriate,ルーム画像に不適切な内容が含まれている,"Room image contains inappropriate content"
report_reason_impersonation,なりすまし・虚偽の人物情報,"Impersonation / False Identity"
report_thread_image_reason_thread_only,ルーム画像関連の通報理由はルーム通報時のみ使用できます。,"Room image-related report reasons can only be used when reporting rooms."
report_profile_reason_only,プロフィール通報では、プロフィール専用の通報理由のみ使用できます。,"Only profile-specific report reasons can be used when reporting profiles."
report_cannot_report_self,自分自身のプロフィールを通報することはできません。,"You cannot report your own profile."
report_cannot_report_own_thread,自分のルームを通報することはできません。,"You cannot report your own room."
report_cannot_report_own_response,自分のリプライを通報することはできません。,"You cannot report your own reply."
report_restricted_profile,このプロフィールは制限されているため、通報できません。,"This profile is restricted and cannot be reported."
thread_image_reported,この画像は通報により表示できません,"This image cannot be displayed due to reports"
thread_image_deleted,画像は削除されました,"Image has been deleted"
report_description_label,詳細（任意）,"Details (Optional)"
report_description_placeholder,詳細があれば記入してください,"Please provide details if available"
report_description_max,300文字以内,"Max 300 characters"
report_submit_button,通報する,Report
confirm_report_submit,この内容で通報しますか？,"Submit this report?"
report_cancel_button,キャンセル,Cancel
language_ja,Japanese,Japanese
language_en,English,English
url_check_unsafe,投稿に含まれるURLが安全でないため、投稿できません。,"The URL in your post is not safe and cannot be posted."
url_check_rate_limit,URL安全性チェックサービスが利用制限に達したため、現在URLを含む投稿はできません。しばらく時間をおいてから再度お試しください。,"The URL safety check service has reached its rate limit. Posts containing URLs cannot be submitted at this time. Please try again later."
media_file_required,メッセージまたはファイルのいずれかを入力してください。,"Please enter a message or select a file."
media_file_invalid_format,許可されていないファイル形式です。画像：JPG/PNG/WebP（最大1.5MB）、動画：MP4/WebM（最大10MB）、音声：MP3/M4A/WebM（最大5MB）のみ対応しています。,"File format not allowed. Only images (JPG/PNG/WebP, max 1.5MB), videos (MP4/WebM, max 10MB), and audio (MP3/M4A/WebM, max 5MB) are supported."
media_file_too_large,ファイルサイズが大きすぎます。,"File size is too large."
media_file_upload_failed,ファイルのアップロードに失敗しました。,"The media file failed to upload."
media_post_phone_verification_required,電話番号未登録アカウントではメディア投稿は利用できません。,"Media posting is unavailable for accounts without a registered phone number."
media_file_php_limit_exceeded,"ファイルサイズがPHPの設定上限を超えています。現在の設定：アップロード上限 {upload_max}、POST上限 {post_max}。ファイルサイズを小さくするか、サーバー管理者にご連絡ください。","File size exceeds PHP configuration limits. Current settings: upload_max {upload_max}, post_max {post_max}. Please reduce the file size or contact the server administrator."
spam_ng_word_detected,投稿内容に不適切な表現が含まれているため、投稿できません。,"Your post contains inappropriate content and cannot be posted."
spam_similar_response_detected,12時間以内に類似のリプライを投稿しているため、投稿できません。,"You have posted a similar reply within the last 12 hours. Please wait before posting again."
spam_similar_url_detected,12時間以内に類似のURLを含むリプライを投稿しているため、投稿できません。,"You have posted a reply with a similar URL within the last 12 hours. Please wait before posting again."
spam_url_post_limit_exceeded,URLを含むリプライは1日30回までしか投稿できません。,"You can only post replies containing URLs up to 30 times per day."
spam_media_post_limit_exceeded,メディア付きリプライは1日30回までしか投稿できません。,"You can only post replies with media files up to 30 times per day."
user_frozen_message,アカウントが凍結されているため、この操作は実行できません。,"Your account is frozen and this operation cannot be performed."
user_temporarily_frozen_message,"アカウントが一時凍結されています。凍結解除予定日時: {until}","Your account is temporarily frozen. Freeze release scheduled: {until}"
user_permanently_banned_message,アカウントが永久凍結されています。閲覧以外の操作はできません。,"Your account is permanently banned. You can only browse and cannot perform other actions."
user_manually_frozen_message,管理者により手動制限中のため、この操作は実行できません（通報制限と同等の投稿制限）。,"Your account has a manual administrative restriction and this operation cannot be performed (same posting limits as report restrictions)."
user_manually_temporarily_frozen_message,"管理者により手動凍結されています。凍結解除予定日時: {until}","Your account has been manually frozen by an administrator. Freeze release scheduled: {until}"
user_manually_permanently_banned_message,管理者により手動で永久凍結されています。閲覧以外の操作はできません。,"Your account has been manually permanently frozen by an administrator. You can only browse and cannot perform other actions."
account_frozen_no_create_thread,凍結中のためルームを作成できません,"Cannot create rooms while your account is frozen"
freeze_appeal_section_title,凍結に関する異議申し立て,"Appeal a freeze"
freeze_appeal_section_hint,この凍結期間につき1回だけ送信できます。内容を具体的にご記入ください（10文字以上）。,"You may submit one appeal per freeze period. Please explain clearly (at least 10 characters)."
freeze_appeal_message_label,申し立て内容,"Your appeal"
freeze_appeal_submit,送信する,Submit
freeze_appeal_already_used,この凍結期間では、すでに異議申し立てを送信済みです。運営の確認をお待ちください。,"You have already submitted an appeal for this freeze period. Please wait for staff to review it."
freeze_appeal_submitted,異議申し立てを送信しました。,"Your appeal has been submitted."
freeze_appeal_not_frozen,凍結されていないため、異議申し立ては送信できません。,"Your account is not frozen; appeals cannot be submitted."
freeze_appeal_already_submitted,この凍結期間では、すでに異議申し立てが送信されています。,"An appeal for this freeze period has already been submitted."
banned_email_not_usable,このメールアドレスは永久凍結されたアカウントで使用されているため、新規登録に使用できません。,"This email address was used by a permanently banned account and cannot be used for new registration."
banned_phone_not_usable,この電話番号は永久凍結されたアカウントで使用されているため、新規登録に使用できません。,"This phone number was used by a permanently banned account and cannot be used for new registration."
thread_creation_limit_exceeded,ルームは1日2つまでしか作成できません。,"You can only create up to 2 rooms per day."
thread_creation_limit_restricted_exceeded,通報による制限のため、ルームは1日1つまでしか作成できません。,"Due to report-based restrictions, you can only create up to 1 room per day."
report_restriction_file_limit_exceeded,通報による制限のため、ファイルの投稿は1日5件までです。,"Due to report-based restrictions, file posts are limited to 5 per day."
report_restriction_url_limit_exceeded,通報による制限のため、URLを含む投稿は1日5件までです。,"Due to report-based restrictions, posts containing URLs are limited to 5 per day."
profile_restricted_mark_title,プロフィールが通報により制限されています,"This profile is restricted due to reports."
thread_response_limit_reached,このルームはリプライ数の上限（500リプライ）に達しました。続きのルームを作成する要望を送信できます。,"This room has reached the maximum number of replies (500). You can request a continuation room."
continuation_request_not_available,続きルームの要望は、リプライ数が上限に達したルームのみで利用できます。,"Continuation room requests are only available for rooms that have reached the reply limit."
continuation_request_title,続きのルームを作成しますか？,"Would you like to create a continuation room?"
continuation_request_description,このルームはリプライ数の上限に達しました。続きのルームを作成する要望を送信できます。15ユーザー以上の要望とルーム主の要望があれば、自動で続きのルームが作成されます。,"This room has reached the maximum number of replies. You can request a continuation room. If 15 or more users request it and the room owner also requests it, a continuation room will be created automatically."
continuation_request_button,要望する,Request
continuation_request_button_cancel,要望を取り消す,"Cancel Request"
continuation_request_count,:count人の要望,":count requests"
continuation_request_created,続きのルームが作成されました！,"A continuation room has been created!"
continuation_thread_created,次のルームが作成されました。,"A continuation room has been created."
continuation_request_limit_reached,要望数が上限に達しました,"Request limit reached"
thread_owner_requested,ルーム主が要望中,"Room owner requested"
thread_owner_not_requested,ルーム主は未要望,"Room owner not requested"
continuation_thread_navigation,ルーム間移動,"Room Navigation"
continuation_thread_previous,前のルーム,"Previous Room"
continuation_thread_next,次のルーム,"Next Room"
continuation_thread_notification_title,#{n}ルームが作成されました,"Room #{n} created"
continuation_thread_notification_body,あなたが要望したルーム「{thread_title}」の#{n}ルームが作成されました。,"Room #{n} for ""{thread_title}"" that you requested has been created."
thread_completed,完結済み,Completed
show_original,原文,Original
show_translation,訳文,Translation
translation_queued,翻訳待ち,"Waiting to translate"
translation_in_progress,翻訳中…,Translating…
translation_error_during,翻訳中にエラーが発生しました。,"An error occurred while translating."
translation_reload_later_hint,しばらく時間をおいてからページを再読み込みしてください。,"Please wait a while, then reload the page."
translation_ui_admin_line1,翻訳を表示できませんでした。,"Translation could not be shown."
translation_ui_admin_line2,管理者の対応が必要です。しばらくお待ちください。,"An administrator needs to resolve this. Please check back later."
translation_ui_retry_line1,翻訳でエラーが発生しました。,"A translation error occurred."
translation_ui_retry_line2,しばらく時間をおいてから、再度お試しください。,"Please wait a while and try again."
translation_ui_fatal,翻訳できませんでした。,"Translation was not available."
translation_ui_body_too_long,内容が長すぎるため翻訳できませんでした。,"This content is too long to translate."
translation_ui_response_attempts_exhausted,このリプライへの翻訳は試行回数の上限に達したため、これ以上リクエストできません。,"Translation for this reply has reached the maximum number of attempts. No further requests can be made."
translation_ui_thread_title_attempts_exhausted,このルーム名への翻訳は試行回数の上限に達したため、これ以上リクエストできません。,"Translation for this thread title has reached the maximum number of attempts. No further requests can be made."
translation_ui_live_translate_permanently_blocked,この翻訳対象は日次上限到達が3日分に達したため、これ以上リクエストできません。,"This translation target has reached the daily cap on 3 days and can no longer be requested."
coins,コイン,Coins
coins_unit,コイン,coins
insufficient_coins,コインが不足しています。このページ内の広告動画を視聴してコインを獲得してください。,"Insufficient coins. Please watch an ad on this page to earn coins."
ad_watch_reward,:coinsコインを獲得しました！,"You earned :coins coins!"
login_reward_claimed,:days日連続ログイン報酬として:coinsコインを獲得しました！,"You earned :coins coins as a :days-day consecutive login reward!"
coin_roulette,コインルーレット,"Coin Roulette"
skip,スキップ,Skip
close_button,閉じる,Close
ad_video,広告動画,"Ad Video"
coins_ad_video,"コイン / 広告動画","Coins / Ad Video"
ad_video_description,広告動画を視聴すると3～5コインがランダムで配布されます（1日10回まで）。コインが不足したときは、ここからコインを獲得できます。,"Watching an ad video will randomly distribute 3-5 coins (up to 10 times per day). When you run out of coins, you can earn them here."
watch_ad_to_earn_coins,広告動画を視聴してコインを獲得,"Watch Ad Video to Earn Coins"
ad_video_loading,広告動画を読み込み中...,"Loading ad video..."
ad_video_playing,広告動画を再生中...,"Playing ad video..."
video_player_init_failed,動画プレーヤーの初期化に失敗しました,"Failed to initialize video player"
video_load_error,"動画の読み込みエラーが発生しました (エラーコード: :code)","Video loading error occurred (Error code: :code)"
video_play_failed,動画の再生に失敗しました。ブラウザの自動再生設定を確認してください。,"Failed to play video. Please check your browser's autoplay settings."
error_occurred,エラーが発生しました,"An error occurred"
video_not_supported,お使いのブラウザは動画タグをサポートしていません。,"Your browser does not support the video tag."
attach_file,ファイルを添付（画像/動画/音声）,"Attach File (Image/Video/Audio)"
video_load_failed,動画の読み込みに失敗しました,"Failed to load video"
video_load_aborted,動画の読み込みが中断されました,"Video loading was aborted"
video_network_error,"ネットワークエラー: 動画を読み込めませんでした。ネットワーク接続を確認してください。","Network error: Could not load video. Please check your network connection."
video_decode_error,動画のデコードに失敗しました。動画ファイルが破損している可能性があります。,"Video decoding failed. The video file may be corrupted."
video_format_not_supported,動画形式がサポートされていません。ブラウザがMP4形式をサポートしていないか、動画URLが無効です。,"Video format not supported. Your browser may not support MP4 format, or the video URL is invalid."
video_url_not_set,動画URLが設定されていません。設定を確認してください。,"Video URL is not set. Please check the settings."
file_format_not_allowed,許可されていないファイル形式です。画像：JPG/PNG/WebP（最大1.5MB）、動画：MP4/WebM（最大10MB）、音声：MP3/M4A/WebM（最大5MB）のみ対応しています。,"File format not allowed. Only images (JPG/PNG/WebP, max 1.5MB), videos (MP4/WebM, max 10MB), and audio (MP3/M4A/WebM, max 5MB) are supported."
file_size_too_large,:fileTypeファイルのサイズが大きすぎます。選択されたファイル：:fileSizeMB、最大サイズ：:maxSizeMB,":fileType file size is too large. Selected file: :fileSizeMB, Maximum size: :maxSizeMB"
image_file,画像,Image
video_file,動画,Video
audio_file,音声,Audio
file_size_exceeds_php_limit,ファイルサイズがPHPの設定上限（:phpMaxMB）を超えています。選択されたファイル：:fileSizeMB。サーバーの設定を確認してください。,"File size exceeds PHP configuration limit (:phpMaxMB). Selected file: :fileSizeMB. Please check server settings."
image_max_size,"画像 (最大1.5MB)","Image (max 1.5MB)"
video_max_size,"動画 (最大10MB)","Video (max 10MB)"
audio_max_size,"音声 (最大5MB)","Audio (max 5MB)"
message_or_file_required,メッセージまたはファイルのいずれかを入力してください。,"Please enter a message or select a file."
admin_dashboard_back,ダッシュボードへ戻る,"Back to Dashboard"
admin_suggestions_title,改善要望一覧,"Suggestions List"
admin_show_completed,処理済みを表示,"Show Processed"
admin_only_starred,目印付きのみ,"Starred Only"
admin_apply,適用,Apply
admin_approve,採用,Approve
admin_reject,非採用,Reject
admin_processed,処理済み,Processed
admin_toggle_star,目印を付ける,"Add Star"
admin_remove_star,目印を外す,"Remove Star"
admin_no_suggestions,改善要望はありません。,"No suggestions."
admin_coin_amount,コイン数,"Coin Amount"
admin_pending,未処理,Pending
admin_id,ID,ID
admin_user_id,ユーザーID,"User ID"
admin_suggestion_content,要望内容,"Suggestion Content"
admin_status,状態,Status
admin_star,目印,Star
admin_created_at,作成日時,"Created At"
admin_actions,操作,Actions
admin_coins,コイン,Coins
admin_reports_title,通報一覧,"Reports List"
admin_reports_back,通報一覧へ戻る,"Back to Reports List"
admin_reports_detail_thread,"通報詳細（ルームID: :id）","Report Detail (Room ID: :id)"
admin_reports_detail_response,"通報詳細（リプライID: :id）","Report Detail (Reply ID: :id)"
admin_reports_show_approved,承認済みを表示,"Show Approved"
admin_reports_show_rejected,拒否済みを表示,"Show Rejected"
admin_reports_only_re_reported,再通報のみ,"Re-reports Only"
admin_reports_target,対象,Target
admin_reports_reporter_user_id,通報したユーザー,Reporter
admin_reports_reported_user_id,通報されたユーザー,"Reported user"
admin_reports_count,通報件数,"Report Count"
admin_reports_first,初回通報,"First Report"
admin_reports_last,最終通報,"Last Report"
admin_reports_status,状態,Status
admin_reports_actions,操作,Actions
admin_reports_thread_id,ルームID,"Room ID"
admin_reports_response_id,リプライID,"Reply ID"
admin_reports_re_reported,（再通報）,(Re-reported)
admin_reports_view_content,内容確認,"View Content"
admin_reports_unknown,不明,Unknown
admin_reports_approved,承認済み,Approved
admin_reports_rejected,拒否済み,Rejected
admin_reports_mixed,混在,Mixed
admin_reports_pending,未処理,Pending
admin_reports_approve,了承,Approve
admin_reports_approve_confirm,この通報を承認しますか？承認すると取り消せません。,"Approve this report? This action cannot be undone."
admin_reports_reject,拒否,Reject
admin_reports_reject_confirm,この通報を拒否しますか？この操作は取り消せません。,"Reject this report? This action cannot be undone."
admin_reports_no_reports,通報はありません。,"No reports."
admin_reports_no_matching,該当する通報はありません。,"No matching reports."
admin_reports_thread_content,ルーム内容,"Room Content"
admin_reports_created_at,作成,Created
admin_reports_author,投稿者,Author
admin_reports_thread_image,ルーム画像,"Room Image"
admin_reports_responses_list,リプライ一覧,"Replies List"
admin_reports_response_id_label,リプライID,"Reply ID"
admin_reports_user_label,ユーザー,User
admin_reports_no_responses,リプライはありません。,"No replies."
admin_reports_target_thread,対象ルーム,"Target Room"
admin_logs_title,"ログ表示 - 管理者","Log Viewer - Admin"
admin_logs_back,ダッシュボードに戻る,"Back to Dashboard"
admin_logs_file_display,ログファイル表示,"Log File Display"
admin_logs_file,ログファイル,"Log File"
admin_logs_last_updated,最終更新,"Last Updated"
admin_logs_file_size,ファイルサイズ,"File Size"
admin_logs_total_lines,総行数,"Total Lines"
admin_logs_display_lines,表示行数,"Display Lines"
admin_logs_calculating,計算中...,Calculating...
admin_logs_large_file_warning,"ログファイルが大きいため（:size MB）、最後の部分のみを表示しています。完全なログを確認する場合はダウンロードしてください。","The log file is large (:size MB), so only the last portion is displayed. Please download to view the complete log."
admin_logs_lines_label,表示行数,"Display Lines"
admin_logs_search,検索,Search
admin_logs_search_placeholder,"キーワード（例: Tag search）","Keyword (e.g., Tag search)"
admin_logs_update,更新,Update
admin_logs_download,ダウンロード,Download
admin_logs_clear,ログをクリア,"Clear Log"
admin_logs_clear_confirm,ログファイルをクリアしますか？この操作は取り消せません。,"Are you sure you want to clear the log file? This action cannot be undone."
admin_logs_empty,ログファイルは空です。,"Log file is empty."
admin_logs_not_found,ログファイルが見つかりません。,"Log file not found."
admin_logs_search_path,検索パス,"Search Path"
admin_index_title,管理者ダッシュボード,"Admin Dashboard"
admin_index_description,ここに管理機能を追加していきます。,"We will add administrative functions here."
admin_index_last_access,直前のアクセス記録,"Last Access Record"
admin_index_last_guest,直前のアクセス,"Last Guest Access"
admin_index_last_login,直前のログイン,"Last Login"
admin_index_reports,通報一覧,"Reports List"
admin_index_suggestions,改善要望一覧,"Suggestions List"
admin_index_messages,お知らせ配信,"Announcement Delivery"
admin_index_logs,ログ表示,"Log Viewer"
admin_index_user_enforcements,手動制限・凍結,"Manual Restrictions/Freezes"
admin_index_freeze_appeals,凍結・異議申し立て一覧,"Freeze appeals"
admin_user_enforcement_title,手動制限・凍結,"Manual Restrictions/Freezes"
admin_user_enforcement_target,対象ユーザーID,"Target user ID"
admin_user_enforcement_target_placeholder,"user_identifier または user_id","user_identifier or user_id"
admin_user_enforcement_type,適用内容,Action
admin_user_enforcement_type_restriction,手動制限,"Manual restriction"
admin_user_enforcement_type_temp,手動一時凍結,"Manual temporary freeze"
admin_user_enforcement_type_permanent,手動永久凍結,"Manual permanent freeze"
admin_user_enforcement_duration_hours,凍結時間（時間）,"Duration (hours)"
admin_user_enforcement_reason,理由（任意）,"Reason (optional)"
admin_user_enforcement_reason_placeholder,管理メモや利用者に伝える理由,"Internal memo or user-facing reason"
admin_user_enforcement_notice_title_ja,お知らせタイトル（日本語）,"Notice title (Japanese)"
admin_user_enforcement_notice_title_en,お知らせタイトル（英語）,"Notice title (English)"
admin_user_enforcement_notice_title_ja_placeholder,"例: 管理者による一時凍結のお知らせ","e.g. 管理者による一時凍結のお知らせ"
admin_user_enforcement_notice_title_en_placeholder,"e.g. Administrative Temporary Suspension Notice","e.g. Administrative Temporary Suspension Notice"
admin_user_enforcement_notice_body_ja,お知らせ本文（日本語）,"Notice body (Japanese)"
admin_user_enforcement_notice_body_en,お知らせ本文（英語）,"Notice body (English)"
admin_user_enforcement_notice_body_ja_placeholder,対象ユーザーに送信する本文（日本語）,"Message body sent to target user (Japanese)"
admin_user_enforcement_notice_body_en_placeholder,"Message body sent to target user (English)","Message body sent to target user (English)"
admin_user_enforcement_apply,適用する,Apply
admin_user_enforcement_status,状態,Status
admin_user_enforcement_status_active,有効,Active
admin_user_enforcement_status_released,解除済み,Released
admin_user_enforcement_status_expired,期限切れ,Expired
admin_user_enforcement_started_at,開始日時,"Started at"
admin_user_enforcement_expires_at,終了予定,"Expires at"
admin_user_enforcement_release,解除,Release
admin_user_enforcement_saved,手動制限・凍結を適用しました。,"Manual restriction/freeze has been applied."
admin_user_enforcement_released,手動凍結を解除しました。,"Manual freeze has been released."
admin_user_enforcement_target_not_found,指定ユーザーが見つかりません。,"Target user was not found."
admin_user_enforcement_duration_required,一時凍結には時間指定が必要です。,"Duration is required for temporary freeze."
admin_user_enforcement_no_records,履歴はありません。,"No records found."
admin_freeze_appeals_title,凍結・異議申し立て一覧,"Freeze appeals"
admin_freeze_appeal_content,申し立て内容,"Appeal text"
admin_freeze_appeal_out_count,申請時アウト数,"Out count (at submit)"
admin_freeze_appeal_freeze_period,凍結期間,"Freeze period"
admin_freeze_appeal_permanent,永久凍結,"Permanent ban"
admin_freeze_appeal_until,"一時凍結 解除予定: :until","Temporary freeze until: :until"
admin_freeze_appeal_status_pending,未処理,Pending
admin_freeze_appeal_status_approved,承認,Approved
admin_freeze_appeal_status_rejected,拒否,Rejected
admin_freeze_appeal_out_reduce,減算アウト数,"Out count to subtract"
admin_freeze_appeal_detail_link,被通報の詳細,"Report history"
admin_freeze_appeal_no_items,異議申し立てはありません。,"No freeze appeals."
admin_freeze_appeal_report_history_title,"被通報一覧（ユーザーID: :id）","Reports against user (ID: :id)"
admin_freeze_appeal_report_type_thread,ルーム,Room
admin_freeze_appeal_report_type_response,リプライ,Reply
admin_freeze_appeal_report_type_profile,プロフィール,Profile
admin_freeze_appeal_report_target,対象,Target
admin_freeze_appeal_report_reason,理由,Reason
admin_freeze_appeal_report_description,通報メモ,"Reporter note"
admin_freeze_appeal_report_out,アウト,Out
admin_freeze_appeal_report_approved_at,承認日時,"Approved at"
admin_freeze_appeal_approved_ok,承認し、アウト数を減算しました。,"Approved and out count reduced."
admin_freeze_appeal_rejected_ok,却下しました。,Rejected.
admin_freeze_appeal_approve_confirm,この異議申し立てを承認し、凍結を解除しますか？この操作は取り消せません。,"Approve this appeal and unfreeze the account? This action cannot be undone."
admin_freeze_appeal_reject_confirm,この異議申し立てを却下しますか？この操作は取り消せません。,"Reject this appeal? This action cannot be undone."
admin_reports_user_id,ユーザーID,"User ID"
admin_reports_reason,理由,Reason
admin_reports_detail,詳細,Detail
admin_reports_created_at_label,作成日時,"Created At"
admin_reports_out_count,アウト数,"Out Count"
admin_set,設定,Set
admin_pending_approval,未承認,"Pending approval"
admin_messages_target_nationalities_example,"JP,US,GB","JP,US,GB"
admin_messages_recipient_identifiers_example,"abc_user, def_id","abc_user, def_id"
admin_logs_file_size_kb,":size KB",":size KB"
admin_logs_file_size_mb,":size MB",":size MB"
admin_logs_update_button,更新,Update
admin_logs_search_path_default,"storage/logs/laravel.log または storage/logs/laravel-*.log","storage/logs/laravel.log or storage/logs/laravel-*.log"
days_remaining,あと:days日必要,":days days remaining"
items_remaining,あと:items個必要,":items items remaining"
times_remaining,あと:times回必要,":times times remaining"
hours,時間,hours
minutes,分,minutes
seconds,秒,seconds
processing,処理中...,Processing...
register_invite_code_label,招待コード,"Invite Code"
register_invite_code_placeholder,招待コードを入力（任意）,"Enter invite code (optional)"
register_invite_code_help,招待コードをお持ちの場合は入力してください。登録完了時に10コインずつ配布されます。,"If you have an invite code, enter it here. You and the inviter will each receive 10 coins upon registration."
friends,フレンド,Friends
friends_list,フレンド一覧,"Friends List"
no_friends,フレンドがいません,"No friends yet"
invite_code,招待コード,"Invite Code"
invite_code_help,このコードを他のユーザーに共有すると、登録時に10コインずつ配布されます。,"Share this code with other users. Both you and the invited user will receive 10 coins when they register."
invite_code_copied,招待コードをコピーしました,"Invite code copied"
copy,コピー,Copy
copied,コピーしました,Copied
attached_image_alt,添付画像,"Attached image"
audio_not_supported,お使いのブラウザは音声タグをサポートしていません。,"Your browser does not support the audio element."
received_friend_requests,受信したフレンド申請,"Received Friend Requests"
sent_friend_requests,送信したフレンド申請,"Sent Friend Requests"
pending,申請中,Pending
accept,承認,Accept
reject,拒否,Reject
send_coins,コインを送る,"Send Coins"
confirm_send_coins,フレンドにコインを送りますか？,"Send coins to this friend?"
friend_feature_not_enabled,フレンド機能を利用するには、総ログイン数5日、ルーム作成1個以上、リプライ送信15回以上が必要です。,"To use the friend feature, you need: 5+ login days, 1+ room created, and 15+ replies sent."
friend_request_sent,フレンド申請を送信しました,"Friend request sent"
friend_request_failed,フレンド申請の送信に失敗しました,"Failed to send friend request"
friend_request_capacity_full,フレンド数と未処理の送信申請の合計が上限に達しているため、これ以上フレンド申請を送れません,"You cannot send more friend requests because your friends plus pending outgoing requests have reached the limit"
friend_request_accepted,フレンド申請を承認しました,"Friend request accepted"
friend_request_accept_failed,フレンド申請の承認に失敗しました,"Failed to accept friend request"
friend_request_rejected,フレンド申請を拒否しました,"Friend request rejected"
friend_request_reject_failed,フレンド申請の拒否に失敗しました,"Failed to reject friend request"
available_friend_requests,フレンド申請可能,"Available Friend Requests"
request_pending,申請待ち,"Request Pending"
send_request,申請,Request
confirm_reject_request,このフレンド申請を拒否しますか？,"Do you want to reject this friend request?"
confirm_delete_friend,このフレンドを削除しますか？,"Delete this friend?"
friend_deleted,フレンドを削除しました,"Friend deleted"
friend_delete_failed,フレンドの削除に失敗しました,"Failed to delete friend"
max_friends_reached,最大フレンド数（:max人）に達しています。フレンドを削除してから申請してください。,"You have reached the maximum number of friends (:max). Please delete a friend before requesting."
friend_slot_full_pending_requests_notice,未処理の送信申請の合計が上限に達しているため、新しくフレンド申請を送れません。,"You cannot send new friend requests because your pending outgoing requests have reached the limit."
friend_feature_conditions_title,フレンド機能を利用するには、以下の条件を満たす必要があります,"To use the friend feature, you need to meet the following conditions"
friend_feature_conditions_message,フレンド機能を利用するには、上記の条件をすべて満たす必要があります。,"To use the friend feature, you must meet all of the above conditions."
friend_request_interaction_not_met,同一ルーム内で、規定の会話条件（成立したやり取りが相互10回以上・各1000文字以上）を満たす必要があります,"You must meet the conversation requirements in the same room (10+ qualifying exchanges each way and 1,000+ characters each way)."
account_frozen_no_friends_nav,凍結中のためフレンド画面を開けません,"The friends page is unavailable while your account is frozen"
friend_peer_permanently_banned,ユーザーは永久凍結されました,"This user is permanently banned"
friend_send_coins_peer_permanently_banned,このユーザーは永久凍結のためコインを送信できません,"Cannot send coins because this user is permanently banned"
friend_login_count_label,総ログイン数,"Total Login Days"
friend_thread_count_label,ルーム作成,"Rooms Created"
friend_response_count_label,リプライ送信,"Replies Sent"
friend_items_remaining,あと:items個必要,":items items remaining"
friend_next_send_available,次回送信可能まで,"Next send available in"
friend_coin_received,:nameからコインを受け取りました,"Received coins from :name"
days_unit,日,days
items_unit,個,items
times_unit,回,times
invite_status,(招待),(Invite)
select_image,画像を選択,"Select Image"
no_file_selected,ファイルが選択されていません,"No file selected"
register_username_length,(5-10文字),"(5-10 characters)"
register_user_identifier_length,(5-15文字、小文字英語とアンダーバーのみ。未入力の場合は自動生成されます),"(5-15 characters, lowercase letters and underscores only. Auto-generated if not entered)"
country_other_title,その他,Other
related,関連,related
consecutive_login_days,連続ログイン日数,"Consecutive Login Days"
consecutive_login_days_label,連続ログイン日数:,"Consecutive Login Days:"
consecutive_login_days_count,:days日,":days days"
coin_reward_table_title,連続ログイン日数ごとのコイン配布数,"Coin Rewards by Consecutive Login Days"
coin_reward_day,日数,Days
coin_reward_coins,コイン数,Coins
coin_reward_day_1,1日目,"Day 1"
coin_reward_day_2,2日目,"Day 2"
coin_reward_day_3,3日目,"Day 3"
coin_reward_day_4,4日目,"Day 4"
coin_reward_day_5,5日目,"Day 5"
coin_reward_day_6,6日目,"Day 6"
coin_reward_day_7,7日目,"Day 7"
coin_reward_day_8_plus,8日目以降,"Day 8+"
coin_reward_day_8_plus_desc,4コインと5コインを交互に配布,"Alternating 4 and 5 coins"
coin_reward_day_50,50日目,"Day 50"
coin_reward_day_100,100日目,"Day 100"
coin_reward_day_150,150日目,"Day 150"
coin_reward_day_200,200日目,"Day 200"
coin_reward_note,"※ 50日ごとに7コイン、100日ごとに10コインのボーナスが配布されます","* Bonus: 7 coins every 50 days, 10 coins every 100 days"
coin_reward_modal_title,コイン配布テーブル,"Coin Reward Table"
view_coin_reward_table,コイン配布テーブルを表示,"View Coin Reward Table"
error_404_title,ページが見つかりません,"Page Not Found"
error_404_message,お探しのページは存在しないか、移動または削除された可能性があります。,"The page you are looking for does not exist or may have been moved or deleted."
error_500_title,サーバーエラーが発生しました,"Server Error"
error_500_message,申し訳ございません。サーバーでエラーが発生しました。しばらく時間をおいてから再度お試しください。,"We apologize. An error occurred on the server. Please try again later."
error_503_title,サービス一時停止中,"Service Temporarily Unavailable"
error_503_message,現在、メンテナンス中のためサービスをご利用いただけません。しばらく時間をおいてから再度お試しください。,"The service is currently under maintenance and unavailable. Please try again later."
error_403_title,アクセスが拒否されました,"Access Denied"
error_403_message,このページにアクセスする権限がありません。,"You do not have permission to access this page."
error_419_title,セッション期限切れ,"Session Expired"
error_419_message,セッションの有効期限が切れました。ページを再読み込みして再度お試しください。,"Your session has expired. Please reload the page and try again."
back_to_home,ホームに戻る,"Back to Home"
go_back,前のページに戻る,"Go Back"
reload_page,ページを再読み込み,"Reload Page"
resendButton,再送信,Resend
responseLoadEmpty,リプライのHTMLが空です。読み込みを停止します。,"Reply HTML is empty. Stopping load."
responseLoadFailed,リプライの読み込みに失敗しました,"Failed to load replies"
searchError,検索エラー,"Search Error"
videoUrlNotSet,未設定,"Not Set"
browserConsoleDetails,ブラウザのコンソールで詳細を確認してください。,"Please check the browser console for details."
